{
  "config": {
    "epsilon_0": 0.0508,
    "t_star": 1.0,
    "V_SN": 87.5,
    "alpha_SN": 2.0,
    "epsilon_SN": 3.0,
    "f_AGN": 0.01,
    "M_AGN_crit": 1000000000000.0,
    "kappa_UV": 1.15e+28,
    "A_UV_0": 0.06,
    "dust_z_evol": true,
    "log_Mmin": 8.0,
    "log_Mmax": 14.0,
    "n_mass": 200,
    "use_zdep_sfe": false,
    "z_pivot": 8.0,
    "sfe_slope": 0.15,
    "sfe_max": 0.3,
    "use_feedback_weakening": true,
    "Z_crit": 0.1301,
    "fb_weak_factor": 0.1368,
    "seed": 42
  },
  "results": {
    "4": {
      "M_UV": [
        -24.0,
        -23.79591836734694,
        -23.591836734693878,
        -23.387755102040817,
        -23.183673469387756,
        -22.979591836734695,
        -22.775510204081634,
        -22.571428571428573,
        -22.367346938775512,
        -22.163265306122447,
        -21.959183673469386,
        -21.755102040816325,
        -21.551020408163264,
        -21.346938775510203,
        -21.142857142857142,
        -20.93877551020408,
        -20.73469387755102,
        -20.53061224489796,
        -20.3265306122449,
        -20.122448979591837,
        -19.918367346938776,
        -19.714285714285715,
        -19.51020408163265,
        -19.306122448979593,
        -19.10204081632653,
        -18.89795918367347,
        -18.693877551020407,
        -18.489795918367346,
        -18.285714285714285,
        -18.081632653061224,
        -17.877551020408163,
        -17.6734693877551,
        -17.46938775510204,
        -17.26530612244898,
        -17.06122448979592,
        -16.857142857142858,
        -16.653061224489797,
        -16.448979591836736,
        -16.244897959183675,
        -16.04081632653061,
        -15.83673469387755,
        -15.63265306122449,
        -15.428571428571429,
        -15.224489795918368,
        -15.020408163265305,
        -14.816326530612244,
        -14.612244897959183,
        -14.408163265306122,
        -14.204081632653061,
        -14.0
      ],
      "phi": [
        4.937993538324019e-07,
        5.780150266490105e-07,
        1.5038785691185785e-06,
        1.6625260779174538e-06,
        4.08998539566434e-06,
        7.1134032382095e-06,
        7.304159618269224e-06,
        1.6723720034299852e-05,
        1.6544686370961592e-05,
        3.654094091416951e-05,
        3.502249310222694e-05,
        7.502406196498146e-05,
        6.999010987963885e-05,
        9.102512631172713e-05,
        0.00018823546735278958,
        0.00017018690513007586,
        0.00034469876379191237,
        0.0003059175662993363,
        0.0006086734647538316,
        0.0005315740509560983,
        0.0006574351725309281,
        0.0012807152680179101,
        0.0010973556072679956,
        0.0013376001910515212,
        0.0025611276422079074,
        0.0021604466627767895,
        0.0026023088625529173,
        0.004912832891174605,
        0.004091479807159978,
        0.004880468333611776,
        0.00910767664002513,
        0.007505588456390301,
        0.008881543780518369,
        0.010488602564851561,
        0.012362885577305993,
        0.022746764263313866,
        0.01850532926338137,
        0.021684199599226576,
        0.02537156283002382,
        0.02964444957864162,
        0.03459116302056917,
        0.04031290089624224,
        0.04692560975139354,
        0.054562104712802185,
        0.06337449291269057,
        0.07353694418032741,
        0.08524885892691682,
        0.09873849037764743,
        0.11426608255251731,
        0.13212387457747515
      ]
    },
    "6": {
      "M_UV": [
        -24.0,
        -23.79591836734694,
        -23.591836734693878,
        -23.387755102040817,
        -23.183673469387756,
        -22.979591836734695,
        -22.775510204081634,
        -22.571428571428573,
        -22.367346938775512,
        -22.163265306122447,
        -21.959183673469386,
        -21.755102040816325,
        -21.551020408163264,
        -21.346938775510203,
        -21.142857142857142,
        -20.93877551020408,
        -20.73469387755102,
        -20.53061224489796,
        -20.3265306122449,
        -20.122448979591837,
        -19.918367346938776,
        -19.714285714285715,
        -19.51020408163265,
        -19.306122448979593,
        -19.10204081632653,
        -18.89795918367347,
        -18.693877551020407,
        -18.489795918367346,
        -18.285714285714285,
        -18.081632653061224,
        -17.877551020408163,
        -17.6734693877551,
        -17.46938775510204,
        -17.26530612244898,
        -17.06122448979592,
        -16.857142857142858,
        -16.653061224489797,
        -16.448979591836736,
        -16.244897959183675,
        -16.04081632653061,
        -15.83673469387755,
        -15.63265306122449,
        -15.428571428571429,
        -15.224489795918368,
        -15.020408163265305,
        -14.816326530612244,
        -14.612244897959183,
        -14.408163265306122,
        -14.204081632653061,
        -14.0
      ],
      "phi": [
        2.872641614687486e-08,
        3.980634718934759e-08,
        1.231150612149259e-07,
        1.5833648690804808e-07,
        4.5432645321458544e-07,
        5.481801859487864e-07,
        1.4759129956230526e-06,
        1.6860231298664183e-06,
        4.299862896275291e-06,
        4.686625976959124e-06,
        6.880128661808145e-06,
        1.6476516088850647e-05,
        1.6998114743998515e-05,
        3.9215552330347816e-05,
        3.9145278040603106e-05,
        8.743203907065953e-05,
        8.479987325520351e-05,
        0.00011377268542102112,
        0.00024456850589051055,
        0.00022923866574736489,
        0.0004815263201967994,
        0.000442093656807308,
        0.0005686346880231105,
        0.0011621291942196107,
        0.0010409402024020632,
        0.0013137475006442562,
        0.002624714175053565,
        0.0023032896455322145,
        0.0028615588012157324,
        0.005610493206868395,
        0.004840107867486001,
        0.005935063432030268,
        0.007253592773087056,
        0.013945382876414673,
        0.011817621098511194,
        0.014294128959610013,
        0.017244140432158012,
        0.02075098795453523,
        0.03916256596880819,
        0.03263073122027156,
        0.038960983459614795,
        0.04642687972354727,
        0.055218501032185396,
        0.06555337736665426,
        0.0776841533608397,
        0.09190346456738198,
        0.1085492761979763,
        0.12801166090182065,
        0.1507405681797238,
        0.17725472879518744
      ]
    },
    "8": {
      "M_UV": [
        -24.0,
        -23.79591836734694,
        -23.591836734693878,
        -23.387755102040817,
        -23.183673469387756,
        -22.979591836734695,
        -22.775510204081634,
        -22.571428571428573,
        -22.367346938775512,
        -22.163265306122447,
        -21.959183673469386,
        -21.755102040816325,
        -21.551020408163264,
        -21.346938775510203,
        -21.142857142857142,
        -20.93877551020408,
        -20.73469387755102,
        -20.53061224489796,
        -20.3265306122449,
        -20.122448979591837,
        -19.918367346938776,
        -19.714285714285715,
        -19.51020408163265,
        -19.306122448979593,
        -19.10204081632653,
        -18.89795918367347,
        -18.693877551020407,
        -18.489795918367346,
        -18.285714285714285,
        -18.081632653061224,
        -17.877551020408163,
        -17.6734693877551,
        -17.46938775510204,
        -17.26530612244898,
        -17.06122448979592,
        -16.857142857142858,
        -16.653061224489797,
        -16.448979591836736,
        -16.244897959183675,
        -16.04081632653061,
        -15.83673469387755,
        -15.63265306122449,
        -15.428571428571429,
        -15.224489795918368,
        -15.020408163265305,
        -14.816326530612244,
        -14.612244897959183,
        -14.408163265306122,
        -14.204081632653061,
        -14.0
      ],