{
  "config": {
    "epsilon_0": 0.0508,
    "t_star": 1.0,
    "V_SN": 87.5,
    "alpha_SN": 2.0,
    "epsilon_SN": 3.0,
    "f_AGN": 0.01,
    "M_AGN_crit": 1000000000000.0,
    "kappa_UV": 1.15e+28,
    "A_UV_0": 0.06,
    "dust_z_evol": true,
    "log_Mmin": 8.0,
    "log_Mmax": 14.0,
    "n_mass": 200,
    "use_zdep_sfe": true,
    "z_pivot": 7.74,
    "sfe_slope": 0.7854,
    "sfe_max": 0.5,
    "use_feedback_weakening": false,
    "Z_crit": 0.1,
    "fb_weak_factor": 0.3,
    "seed": 42
  },
  "results": {
    "4": {
      "M_UV": [
        -24.0,
        -23.79591836734694,
        -23.591836734693878,
        -23.387755102040817,
        -23.183673469387756,
        -22.979591836734695,
        -22.775510204081634,
        -22.571428571428573,
        -22.367346938775512,
        -22.163265306122447,
        -21.959183673469386,
        -21.755102040816325,
        -21.551020408163264,
        -21.346938775510203,
        -21.142857142857142,
        -20.93877551020408,
        -20.73469387755102,
        -20.53061224489796,
        -20.3265306122449,
        -20.122448979591837,
        -19.918367346938776,
        -19.714285714285715,
        -19.51020408163265,
        -19.306122448979593,
        -19.10204081632653,
        -18.89795918367347,
        -18.693877551020407,
        -18.489795918367346,
        -18.285714285714285,
        -18.081632653061224,
        -17.877551020408163,
        -17.6734693877551,
        -17.46938775510204,
        -17.26530612244898,
        -17.06122448979592,
        -16.857142857142858,
        -16.653061224489797,
        -16.448979591836736,
        -16.244897959183675,
        -16.04081632653061,
        -15.83673469387755,
        -15.63265306122449,
        -15.428571428571429,
        -15.224489795918368,
        -15.020408163265305,
        -14.816326530612244,
        -14.612244897959183,
        -14.408163265306122,
        -14.204081632653061,
        -14.0
      ],
      "phi": [
        2.8934766055971393e-07,
        7.824667199216985e-07,
        1.5038785691185785e-06,
        1.6625260779174538e-06,
        4.08998539566434e-06,
        4.307834207552409e-06,
        1.0109728648926314e-05,
        1.021995218159015e-05,
        2.3048454223671297e-05,
        2.2500804429527945e-05,
        4.9062629586868505e-05,
        4.649448901958085e-05,
        9.851968282503947e-05,
        9.102512631172713e-05,
        0.0001175148451729458,
        0.00024090752730991964,
        0.00021612295949181598,
        0.00027284235613469175,
        0.0005446941896277977,
        0.00047715321962235623,
        0.0005915033981979987,
        0.0011554652814870319,
        0.0009925120768852645,
        0.00121210511751041,
        0.0014747451452097977,
        0.0028175339001393815,
        0.0023720173154433886,
        0.002852829478709844,
        0.0034211617049219748,
        0.004091479807159978,
        0.004880468333611776,
        0.00910767664002513,
        0.007505588456390301,
        0.008881543780518369,
        0.010488602564851561,
        0.012362885577305993,
        0.014545883949508117,
        0.01708523627324954,
        0.020035616969246117,
        0.023459751835592537,
        0.02742957896587314,
        0.0153962375411178,
        0.03459116302056917,
        0.04031290089624224,
        0.04692560975139354,
        0.054562104712802185,
        0.06337449291269057,
        0.03540631689929507,
        0.07918567485915128,
        0.09175595778473393
      ]
    },
    "6": {
      "M_UV": [
        -24.0,
        -23.79591836734694,
        -23.591836734693878,
        -23.387755102040817,
        -23.183673469387756,
        -22.979591836734695,
        -22.775510204081634,
        -22.571428571428573,
        -22.367346938775512,
        -22.163265306122447,
        -21.959183673469386,
        -21.755102040816325,
        -21.551020408163264,
        -21.346938775510203,
        -21.142857142857142,
        -20.93877551020408,
        -20.73469387755102,
        -20.53061224489796,
        -20.3265306122449,
        -20.122448979591837,
        -19.918367346938776,
        -19.714285714285715,
        -19.51020408163265,
        -19.306122448979593,
        -19.10204081632653,
        -18.89795918367347,
        -18.693877551020407,
        -18.489795918367346,
        -18.285714285714285,
        -18.081632653061224,
        -17.877551020408163,
        -17.6734693877551,
        -17.46938775510204,
        -17.26530612244898,
        -17.06122448979592,
        -16.857142857142858,
        -16.653061224489797,
        -16.448979591836736,
        -16.244897959183675,
        -16.04081632653061,
        -15.83673469387755,
        -15.63265306122449,
        -15.428571428571429,
        -15.224489795918368,
        -15.020408163265305,
        -14.816326530612244,
        -14.612244897959183,
        -14.408163265306122,
        -14.204081632653061,
        -14.0
      ],
      "phi": [
        1.610291128632487e-08,
        5.242985204989758e-08,
        7.041654999486643e-08,
        2.1103499812810754e-07,
        2.642527949867357e-07,
        7.38253844176636e-07,
        8.706045976070197e-07,
        2.291331527882451e-06,
        2.566608823262576e-06,
        6.419880049971839e-06,
        6.880128661808145e-06,
        9.96950713053863e-06,
        2.3505123702310537e-05,
        2.3918767800691868e-05,
        3.330182497064606e-05,
        7.483696697849943e-05,
        7.29799099577126e-05,
        9.832523145163815e-05,
        0.0002124256128671024,
        0.0002000063895469672,
        0.0002622842323477502,
        0.0005486048828230603,
        0.0005017604081280438,
        0.0006434908226432942,
        0.000820621409487133,
        0.0010409402024020632,
        0.0020923004790004062,
        0.0018461611966974151,
        0.0023032896455322145,
        0.0028615588012157324,
        0.0035409957018709484,
        0.004365209236857535,
        0.005361980442986794,
        0.006563945075644552,
        0.008009382514695755,
        0.009743127183830812,
        0.011817621098511194,
        0.014294128959610013,
        0.017244140432158012,
        0.02075098795453523,
        0.024911712685788207,
        0.02983921610131605,
        0.017042368401975497,
        0.038960983459614795,
        0.04642687972354727,
        0.055218501032185396,
        0.06555337736665426,
        0.037202555228395856,
        0.08451275655980957,
        0.09989998543356153
      ]
    },
    "8": {
      "M_UV": [
        -24.0,
        -23.79591836734694,
        -23.591836734693878,
        -23.387755102040817,
        -23.183673469387756,
        -22.979591836734695,
        -22.775510204081634,
        -22.571428571428573,
        -22.367346938775512,
        -22.163265306122447,
        -21.959183673469386,
        -21.755102040816325,
        -21.551020408163264,
        -21.346938775510203,
        -21.142857142857142,
        -20.93877551020408,
        -20.73469387755102,
        -20.53061224489796,
        -20.3265306122449,
        -20.122448979591837,
        -19.918367346938776,
        -19.714285714285715,
        -19.51020408163265,
        -19.306122448979593,
        -19.10204081632653,
        -18.89795918367347,
        -18.693877551020407,
        -18.489795918367346,
        -18.285714285714285,
        -18.081632653061224,
        -17.877551020408163,
        -17.6734693877551,
        -17.46938775510204,
        -17.26530612244898,
        -17.06122448979592,
        -16.857142857142858,
        -16.653061224489797,
        -16.448979591836736,
        -16.244897959183675,
        -16.04081632653061,
        -15.83673469387755,
        -15.63265306122449,
        -15.428571428571429,
        -15.224489795918368,
        -15.020408163265305,
        -14.816326530612244,
        -14.612244897959183,
        -14.408163265306122,
        -14.204081632653061,
        -14.0
      ],